"Cluster","CloneID","sample_id","group_id","cgene","vgene","vgene_allele","CDR3.nt","Sequence","V.seq","Subclass","Class"
"Non_LC_SRR24941074_IGHV4_39_length_54","Non_LC_SRR24941074_IGHV4_39_length_54","SRR24941074","Non_LC","IGHG2","IGHV4-39","IGHV4-39*01","TGCGCGAGACGTTTCCCCGATAGTAGTCAATATTATTACTACGCGGACACCTGG","CCATATCCAAAGACACATTCAAGAACCAGTTTTCCCTGAGGCTGAGCTCTGTGACCGCCGCAGATACGGCTGTATATTACTGCGCGAGACGTTTCCCCGATAGTAGTCAATATTATTACTACGCGGACACCTGGGGCCAGGGAACCCTGGTCACCGTCTCCTCGGCCTCCACCAAGGGCCCATCGGTCTTCCCCCTGGCGCCC","CCATATCCAAAGACACATTCAAGAACCAGTTTTCCCTGAGGCTGAGCTCTGTGACCGCCGCAGATACGGCTGTATATTACTGCGCGAGAC","G2","G"
"Non_LC_SRR24941074_IGHV4_39_length_54","Non_LC_SRR24941074_IGHV4_39_length_54","SRR24941074","Non_LC","IGHG2","IGHV4-39","IGHV4-39*01","TGCGCGAGACGTTTCCCCGATAGTAGTCAATATTATTACTACGCGGACACCTGG","CCATATCCAAAGACACATTCAAGAACCAGTTTTCCCTGAGGCTGAGCTCTGTGACCGCCGCAGATACGGCTGTATATTACTGCGCGAGACGTTTCCCCGATAGTAGTCAATATTATTACTACGCGGACACCTGGGGCCAGGGAACCCTGGTCACCGTCTCCTCGGCCTCCACCAAGGGCCCATCGGTCTTCCCCCTGGCGCCC","CCATATCCAAAGACACATTCAAGAACCAGTTTTCCCTGAGGCTGAGCTCTGTGACCGCCGCAGATACGGCTGTATATTACTGCGCGAGAC","G2","G"
"Non_LC_SRR24941074_IGHV4_39_length_54","Non_LC_SRR24941074_IGHV4_39_length_54","SRR24941074","Non_LC","IGHG2","IGHV4-39","IGHV4-39*01","TGCGCGAGACGTTTCCCCGATAGTAGTCAATATTATTACTACGCGGACACCTGG","CCATATCCAAAGACACATTCAAGAACCAGTTTTCCCTGAGGCTGAGCTCTGTGACCGCCGCAGATACGGCTGTATATTACTGCGCGAGACGTTTCCCCGATAGTAGTCAATATTATTACTACGCGGACACCTGGGGCCAGGGAACCCTGGTCACCGTCTCCTCGGCCTCCACCAAGGGCCCATCGGTCTTCCCCCTGGCGCCC","CCATATCCAAAGACACATTCAAGAACCAGTTTTCCCTGAGGCTGAGCTCTGTGACCGCCGCAGATACGGCTGTATATTACTGCGCGAGAC","G2","G"
"Non_LC_SRR24941074_IGHV4_39_length_54","Non_LC_SRR24941074_IGHV4_39_length_54","SRR24941074","Non_LC","IGHG2","IGHV4-39","IGHV4-39*01","TGCGCGAGACGTTTCCCCGATAGTAGTCAATATTATTACTACGCGGACACCTGG","CCATATCCAAAGACACATTCAAGAACCAGTTTTCCCTGAGGCTGAGCTCTGTGACCGCCGCAGATACGGCTGTATATTACTGCGCGAGACGTTTCCCCGATAGTAGTCAATATTATTACTACGCGGACACCTGGGGCCAGGGAACCCTGGTCACCGTCTCCTCGGCCTCCACCAAGGGCCCATCGGTCTTCCCCCTGGCGCCC","CCATATCCAAAGACACATTCAAGAACCAGTTTTCCCTGAGGCTGAGCTCTGTGACCGCCGCAGATACGGCTGTATATTACTGCGCGAGAC","G2","G"
"Non_LC_SRR24941074_IGHV4_39_length_54","Non_LC_SRR24941074_IGHV4_39_length_54","SRR24941074","Non_LC","IGHG2","IGHV4-39","IGHV4-39*01","TGCGCGAGACGTTTCCCCGATAGTAGTCAATATTATTACTACGCGGACACCTGG","CCATATCCAAAGACACATTCAAGAACCAGTTTTCCCTGAGGCTGAGCTCTGTGACCGCCGCAGATACGGCTGTATATTACTGCGCGAGACGTTTCCCCGATAGTAGTCAATATTATTACTACGCGGACACCTGGGGCCAGGGAACCCTGGTCACCGTCTCCTCGGCCTCCACCAAGGGCCCATCGGTCTTCCCCCTGGCGCCC","CCATATCCAAAGACACATTCAAGAACCAGTTTTCCCTGAGGCTGAGCTCTGTGACCGCCGCAGATACGGCTGTATATTACTGCGCGAGAC","G2","G"
"Non_LC_SRR24941074_IGHV4_39_length_54","Non_LC_SRR24941074_IGHV4_39_length_54","SRR24941074","Non_LC","IGHG2","IGHV4-39","IGHV4-39*01","TGCGCGAGACGTTTCCCCGATAGTAGTCAATATTATTACTACGCGGACACCTGG","CCATATCCAAAGACACATTCAAGAACCAGTTTTCCCTGAGGCTGAGCTCTGTGACCGCCGCAGATACGGCTGTATATTACTGCGCGAGACGTTTCCCCGATAGTAGTCAATATTATTACTACGCGGACACCTGGGGCCAGGGAACCCTGGTCACCGTCTCCTCGGCCTCCACCAAGGGCCCATCGGTCTTCCCCCTGGCGCCC","CCATATCCAAAGACACATTCAAGAACCAGTTTTCCCTGAGGCTGAGCTCTGTGACCGCCGCAGATACGGCTGTATATTACTGCGCGAGAC","G2","G"
"Non_LC_SRR24941074_IGHV4_39_length_54","Non_LC_SRR24941074_IGHV4_39_length_54","SRR24941074","Non_LC","IGHG2","IGHV4-39","IGHV4-39*01","TGCGCGAGACGTTTCCCCGATAGTAGTCAATATTATTACTACGCGGACACCTGG","CCATATCCAAAGACACATTCAAGAACCAGTTTTCCCTGAGGCTGAGCTCTGTGACCGCCGCAGATACGGCTGTATATTACTGCGCGAGACGTTTCCCCGATAGTAGTCAATATTATTACTACGCGGACACCTGGGGCCAGGGAACCCTGGTCACCGTCTCCTCGGCCTCCACCAAGGGCCCATCGGTCTTCCCCCTGGCGCCC","CCATATCCAAAGACACATTCAAGAACCAGTTTTCCCTGAGGCTGAGCTCTGTGACCGCCGCAGATACGGCTGTATATTACTGCGCGAGAC","G2","G"
"Non_LC_SRR24941074_IGHV4_39_length_54","Non_LC_SRR24941074_IGHV4_39_length_54","SRR24941074","Non_LC","IGHG2","IGHV4-39","IGHV4-39*01","TGCGCGAGACGTTTCCCCGATAGTAGTCAATATTATTACTACGCGGACACCTGG","CCATATCCAAAGACACATTCAAGAACCAGTTTTCCCTGAGGCTGAGCTCTGTGACCGCCGCAGATACGGCTGTATATTACTGCGCGAGACGTTTCCCCGATAGTAGTCAATATTATTACTACGCGGACACCTGGGGCCAGGGAACCCTGGTCACCGTCTCCTCGGCCTCCACCAAGGGCCCATCGGTCTTCCCCCTGGCGCCC","CCATATCCAAAGACACATTCAAGAACCAGTTTTCCCTGAGGCTGAGCTCTGTGACCGCCGCAGATACGGCTGTATATTACTGCGCGAGAC","G2","G"
"Non_LC_SRR24941074_IGHV4_39_length_54","Non_LC_SRR24941074_IGHV4_39_length_54","SRR24941074","Non_LC","IGHG2","IGHV4-39","IGHV4-39*01","TGCGCGAGACGTTTCCCCGATAGTAGTCAATATTATTACTACGCGGACACCTGG","CCATATCCAAAGACACATTCAAGAACCAGTTTTCCCTGAGGCTGAGCTCTGTGACCGCCGCAGATACGGCTGTATATTACTGCGCGAGACGTTTCCCCGATAGTAGTCAATATTATTACTACGCGGACACCTGGGGCCAGGGAACCCTGGTCACCGTCTCCTCGGCCTCCACCAAGGGCCCATCGGTCTTCCCCCTGGCGCCC","CCATATCCAAAGACACATTCAAGAACCAGTTTTCCCTGAGGCTGAGCTCTGTGACCGCCGCAGATACGGCTGTATATTACTGCGCGAGAC","G2","G"
"Non_LC_SRR24941074_IGHV4_39_length_54","Non_LC_SRR24941074_IGHV4_39_length_54","SRR24941074","Non_LC","IGHG2","IGHV4-39","IGHV4-39*01","TGCGCGAGACGTTTCCCCGATAGTAGTCAATATTATTACTACGCGGACACCTGG","CCATATCCAAAGACACATTCAAGAACCAGTTTTCCCTGAGGCTGAGCTCTGTGACCGCCGCAGATACGGCTGTATATTACTGCGCGAGACGTTTCCCCGATAGTAGTCAATATTATTACTACGCGGACACCTGGGGCCAGGGAACCCTGGTCACCGTCTCCTCGGCCTCCACCAAGGGCCCATCGGTCTTCCCCCTGGCGCCC","CCATATCCAAAGACACATTCAAGAACCAGTTTTCCCTGAGGCTGAGCTCTGTGACCGCCGCAGATACGGCTGTATATTACTGCGCGAGAC","G2","G"
"Non_LC_SRR24941074_IGHV4_39_length_54","Non_LC_SRR24941074_IGHV4_39_length_54","SRR24941074","Non_LC","IGHG2","IGHV4-39","IGHV4-39*01","TGCGCGAGACGTTTCCCCGATAGTAGTCAATATTATTACTACGCGGACACCTGG","CCATATCCAAAGACACATTCAAGAACCAGTTTTCCCTGAGGCTGAGCTCTGTGACCGCCGCAGATACGGCTGTATATTACTGCGCGAGACGTTTCCCCGATAGTAGTCAATATTATTACTACGCGGACACCTGGGGCCAGGGAACCCTGGTCACCGTCTCCTCGGCCTCCACCAAGGGCCCATCGGTCTTCCCCCTGGCGCCC","CCATATCCAAAGACACATTCAAGAACCAGTTTTCCCTGAGGCTGAGCTCTGTGACCGCCGCAGATACGGCTGTATATTACTGCGCGAGAC","G2","G"
"Non_LC_SRR24941074_IGHV4_39_length_54","Non_LC_SRR24941074_IGHV4_39_length_54","SRR24941074","Non_LC","IGHG2","IGHV4-39","IGHV4-39*01","TGCGCGAGACGTTTCCCCGATAGTAGTCAATATTATTACTACGCGGACACCTGG","CCATATCCAAAGACACATTCAAGAACCAGTTTTCCCTGAGGCTGAGCTCTGTGACCGCCGCAGATACGGCTGTATATTACTGCGCGAGACGTTTCCCCGATAGTAGTCAATATTATTACTACGCGGACACCTGGGGCCAGGGAACCCTGGTCACCGTCTCCTCGGCCTCCACCAAGGGCCCATCGGTCTTCCCCCTGGCGCCC","CCATATCCAAAGACACATTCAAGAACCAGTTTTCCCTGAGGCTGAGCTCTGTGACCGCCGCAGATACGGCTGTATATTACTGCGCGAGAC","G2","G"
